{"cameraMode":{"drawMode":0,"name":"Shaded","section":"Shading Mode"},"sceneLighting":false,"audioPlay":false,"sceneViewState":{"showFog":true,"showMaterialUpdate":false,"showSkybox":true,"showFlares":true,"showImageEffects":true,"showParticleSystems":true},"in2DMode":false,"pivot":{"x":1.0598397254943848,"y":4.081098556518555,"z":0.5127483010292053},"rotation":{"x":-0.19101159274578095,"y":0.5960310697555542,"z":-0.1487046480178833,"w":-0.7656034231185913},"size":4.165579795837402,"orthographic":false}